Name,Level,NE_LAT,NE_LNG,SW_LAT,SW_LNG,LAT,LNG
"Phalodi, jodhpur",SUB-DISTRICT,27.158906,72.3951816,27.0891005,72.3305101,27.1312346,72.3589284
"Newa, jodhpur",VILLAGE,27.61588,72.15019989999999,27.4681999,71.97627,27.556776,72.07051849999999
"Ajeri, jodhpur",VILLAGE,27.49633,72.0690201,27.44159,71.9671601,27.4646166,72.0171862
"Durjani, jodhpur",VILLAGE,27.46653,72.04954,27.38886,71.9132199,27.4178155,71.9638445
"Jodhpur, jodhpur",DISTRICT,26.3572277,73.1368446,26.1834778,72.9242419,26.2389469,73.02430939999999
"Hanuman Nagar, jodhpur",VILLAGE,27.2305701,72.88318989999999,27.2012501,72.81419009999999,27.2206509,72.8574558
"Baroo, jodhpur",VILLAGE,27.3713863,71.89418789999999,27.3587327,71.8794249,27.363777,71.8882611
"Dholiya, jodhpur",VILLAGE,26.30242,72.8562899,26.24578,72.83532009999999,26.2714367,72.8456399
"Rola, jodhpur",VILLAGE,27.4852899,71.9460199,27.37663,71.80067,27.4407678,71.8808499
"Dedasari, jodhpur",VILLAGE,27.3587709,72.0336198,27.3415796,71.9982575,27.3511332,72.0171862
"Tekra, jodhpur",VILLAGE,27.24756,72.04540999999999,27.1094401,71.94318,27.2326173,71.9739309
"Mashala, jodhpur",VILLAGE,27.31076,71.92050979999999,27.2293599,71.83022,27.2672849,71.89863629999999
"Jesari, jodhpur",VILLAGE,27.25719,71.95912009999999,27.17489,71.90017,27.2136739,71.92235
"Khetusar, jodhpur",VILLAGE,26.30056,72.53661009999999,26.28423,72.50506,26.2908431,72.5175249
"Noore Ki Burj, jodhpur",VILLAGE,27.4220618,72.0976925,27.40088,72.07494729999999,27.4083911,72.08533129999999
"Kanasar, jodhpur",VILLAGE,27.47353,72.20975,27.38605,72.0864299,27.4331251,72.16530759999999
"Mandli, jodhpur",VILLAGE,27.51179,72.27265009999999,27.41492,72.18603,27.4522593,72.224535
"Narayan Nagar, jodhpur",VILLAGE,26.3017,72.55199999999999,26.2849299,72.53471979999999,26.2938006,72.5411869
"Lumbaniya, jodhpur",VILLAGE,27.47414,72.3092999,27.42444,72.26675,27.4437495,72.28967089999999
"Khakhuri, jodhpur",VILLAGE,27.37394,72.15568999999999,27.33884,72.1034699,27.3538625,72.1238412
"Manchitiya, jodhpur",VILLAGE,27.51455,72.35911999999999,27.43101,72.2799701,27.4646511,72.319273
"Rawra, jodhpur",VILLAGE,27.42287,72.2426799,27.3504899,72.1551501,27.3810139,72.2008455
"Ghator, jodhpur",VILLAGE,27.46382,72.3913299,27.3487201,72.2260901,27.3964888,72.319273
"Ramnagar, jodhpur",VILLAGE,26.72013,72.78916989999999,26.70079,72.74782979999999,26.7158856,72.76586759999999
"Amarpura, jodhpur",VILLAGE,27.3494323,72.0508718,27.3370432,72.0309162,27.3404718,72.04385359999999
"Sanwara Gaon, jodhpur",VILLAGE,27.55385,72.2842199,27.51018,72.23284989999999,27.5299407,72.25414409999999
"Modkiya, jodhpur",VILLAGE,27.32899,72.09904,27.28852,72.0286,27.3006305,72.0645932
"Madpura, jodhpur",VILLAGE,27.30229,72.0830801,27.2635601,72.0290301,27.2779167,72.0645932
"Durgani, jodhpur",VILLAGE,27.2571,72.0989599,27.19549,72.0184599,27.2309205,72.0527421
"Jharasar, jodhpur",VILLAGE,27.2585208,72.1223258,27.2441758,72.1109103,27.252081,72.11643579999999
"Jodhani @ Tepoo, jodhpur",VILLAGE,27.30424,72.07447,27.24334,72.0158199,27.2634326,72.04089060000001
"Kanasi Moti, jodhpur",VILLAGE,27.2950201,72.0350599,27.22801,71.9946099,27.2603019,72.0171862
"Raneri, jodhpur",VILLAGE,27.3626966,72.13108059999999,27.3463828,72.09863659999999,27.3555314,72.1149547
"Hanvant Nagar, jodhpur",VILLAGE,26.2802836,73.0400063,26.2772839,73.0367538,26.2786711,73.0383193
"Rampura, jodhpur",VILLAGE,26.7701501,73.65057990000001,26.72505,73.5969101,26.7529005,73.6124102
"Keshar Pura, jodhpur",VILLAGE,26.1892,72.24135,26.1538599,72.2109499,26.1678894,72.2215739
"Akhadhana, jodhpur",VILLAGE,27.3403597,72.1833516,27.3092864,72.1458864,27.3260159,72.1712309
"Pratap Nagar, jodhpur",VILLAGE,26.2967314,73.012267,26.277201,72.9900984,26.2837293,72.9981564
"Harisingh Nagar, jodhpur",VILLAGE,26.8034699,72.44609009999999,26.74529,72.4057799,26.7793231,72.4317323
"Ramjan Pura, jodhpur",VILLAGE,27.3790462,72.27879519999999,27.3617437,72.2620582,27.3700439,72.26894740000002
"Bheemji Ka Gaon, jodhpur",VILLAGE,27.3903638,72.26911780000002,27.373368,72.2432612,27.3855383,72.2571048
"Sindhi Pura, jodhpur",VILLAGE,26.43392,73.5675,26.3754399,73.52493989999999,26.4008414,73.541744
"Jaitrasar, jodhpur",VILLAGE,27.3917863,72.36488349999999,27.3834793,72.3493482,27.3885176,72.3562713
"Gadna, jodhpur",VILLAGE,27.43941,72.43104989999999,27.39312,72.36775,27.423535,72.3962239
"Baori Barsinga, jodhpur",VILLAGE,27.54949,72.40589,27.40103,72.31974989999999,27.4480987,72.36663
"Bohranada, jodhpur",VILLAGE,26.2020805,72.9544752,26.1566352,72.9091633,26.1735211,72.9342451
"Bap, jodhpur",VILLAGE,27.3934627,72.3709774,27.358631,72.32720379999999,27.37193,72.3488721
"Bari Dhani, jodhpur",VILLAGE,27.3461286,72.3310662,27.3324047,72.3110676,27.3372133,72.32223309999999
"Bari Seer, jodhpur",VILLAGE,27.58907,72.5021901,27.43619,72.38882,27.5027651,72.4376499
"Gurha, jodhpur",VILLAGE,27.46111,72.5073401,27.43213,72.4484999,27.4440937,72.467236
"Ranjeet Nagar, jodhpur",VILLAGE,26.43146,72.24654,26.38216,72.19328999999999,26.4100342,72.2186128
"Jambheswar Nagar-Ii, jodhpur",VILLAGE,26.3016689,73.08987479999999,26.2982777,73.0851363,26.299687,73.0874221
"Khidrat, jodhpur",VILLAGE,27.61616,72.61995,27.53565,72.47868989999999,27.5733471,72.5441445
"Karninagar, jodhpur",VILLAGE,26.2255692,73.03037599999999,26.2210217,73.02540549999999,26.2244134,73.02677299999999
"Kansingh Ki Seer, jodhpur",VILLAGE,27.56748,72.6592599,27.45409,72.4608899,27.5180523,72.5559746
"Udat, jodhpur",VILLAGE,27.5653899,72.7293633,27.5499431,72.71558759999999,27.557934,72.7230163
"Soda Dhara, jodhpur",VILLAGE,27.5078899,72.66647010000001,27.42564,72.5054299,27.45592,72.6032895
"Shivnagar, jodhpur",VILLAGE,26.0274401,73.4896201,25.9987001,73.46793,26.0121528,73.4798916
"Naya Gaon, jodhpur",VILLAGE,27.4381801,72.4509501,27.38278,72.38481,27.4038723,72.4198967
"Thoriyasar, jodhpur",VILLAGE,27.44663,72.6418,27.41665,72.6011201,27.4297613,72.6210303
"Mayakor, jodhpur",VILLAGE,27.60298,72.87328000000001,27.50677,72.76534,27.5512925,72.81609759999999
"Meethadiya, jodhpur",VILLAGE,27.52725,72.8212799,27.4581001,72.74905,27.4800367,72.79246119999999
"Sri Rampura, jodhpur",VILLAGE,27.4408,72.6011201,27.3811701,72.51944999999999,27.4108085,72.5618894
"Luna, jodhpur",VILLAGE,27.49759,72.7896999,27.4275,72.6633901,27.448274,72.7215385
"Ganesh Nagar, jodhpur",VILLAGE,26.1959259,72.99998210000001,26.1938177,72.9972839,26.1949086,72.9984633
"Bajrang Nagar, jodhpur",VILLAGE,27.42564,72.6257201,27.38921,72.58020990000001,27.4039857,72.59737559999999
"Mandor ( Dara Ka Bas), jodhpur",VILLAGE,26.2872186,73.0170135,26.2864366,73.01549469999999,26.2869075,73.0163848
"Shree Surpura, jodhpur",VILLAGE,27.41467,72.5344801,27.3779701,72.48783,27.3933548,72.514567
"Degawari, jodhpur",VILLAGE,27.36151,72.49569,27.2775801,72.4302501,27.3288764,72.45540199999999
"Reen, jodhpur",VILLAGE,27.33471,72.43749,27.22603,72.39703999999999,27.2674328,72.4198967
"Kalrawa Bera, jodhpur",VILLAGE,27.4061799,72.5960001,27.36418,72.51777,27.3895805,72.5737187
"Meharam Nagar, jodhpur",VILLAGE,26.26231,72.79417000000001,26.2290599,72.75797,26.2413065,72.7865518
"Saranpura, jodhpur",VILLAGE,27.3829099,72.5283401,27.3501701,72.48564,27.3690894,72.502735
"Baghaura, jodhpur",VILLAGE,27.29906,72.32571999999999,27.26838,72.29642009999999,27.2845237,72.31039270000001
"Shivnath Nagar, jodhpur",VILLAGE,26.2686157,72.9683656,26.266732,72.96651120000001,26.2673066,72.9670945
"Sultan Nagar, jodhpur",VILLAGE,26.303782,73.0710196,26.3022377,73.0686233,26.3030301,73.0698251
"Sonanda, jodhpur",VILLAGE,27.33549,72.3031201,27.26849,72.2426799,27.3058622,72.27782909999999
"Kheerwa, jodhpur",VILLAGE,27.2967021,72.32771869999999,27.2853621,72.3138142,27.2901326,72.32075309999999
"Bhakhariya, jodhpur",VILLAGE,27.2622901,72.2574801,27.2000299,72.1869401,27.2299452,72.2186128
"Shekhasar, jodhpur",VILLAGE,27.2921228,72.2195599,27.284197,72.2109689,27.287612,72.2141711
"Sanguri, jodhpur",VILLAGE,27.2963589,72.190218,27.2871294,72.1767426,27.2922599,72.18455780000001
"Rayra, jodhpur",VILLAGE,27.1317199,72.13314,27.0609901,72.0275001,27.0896578,72.0586677
"Tanot Basti, jodhpur",VILLAGE,27.2931171,72.16670049999999,27.2798063,72.1575165,27.2867032,72.1638268
"Moti Nagar, jodhpur",VILLAGE,26.3144255,73.10878149999999,26.3116099,73.107174,26.3129984,73.1080364
"Sihra, jodhpur",VILLAGE,27.2032,72.1226701,27.09858,72.0319899,27.1480438,72.07051849999999
"Shivpura, jodhpur",VILLAGE,27.0845001,72.09885,27.0373401,72.02309989999999,27.0604401,72.0845432
"Bhoja Nagar, jodhpur",VILLAGE,27.2544999,72.3412601,27.22334,72.28846,27.2390469,72.31039270000001
"Udainagar, jodhpur",VILLAGE,26.9483753,72.56649449999999,26.9288733,72.543685,26.9400677,72.55301709999999
"Baori Khurd, jodhpur",VILLAGE,27.20556,72.2582099,27.1787501,72.21269,27.1900151,72.23933989999999
"Shimala, jodhpur",VILLAGE,27.0884732,72.1526241,27.069253,72.1304799,27.0802351,72.13865129999999
"Chandra Nagar, jodhpur",VILLAGE,27.0321,72.67097,26.9832301,72.6380501,27.0097861,72.65355199999999
"Godarli, jodhpur",VILLAGE,27.1915865,72.4175834,27.1876166,72.4123479,27.1892686,72.4147184
"Siwandi, jodhpur",VILLAGE,27.3014999,72.48393,27.2489599,72.43605,27.2720093,72.45540199999999
"Jor, jodhpur",VILLAGE,27.2385478,72.3431896,27.2324234,72.3349285,27.2355865,72.3385128
"Malar, jodhpur",VILLAGE,26.484575,73.48297819999999,26.4812523,73.4793519,26.4828546,73.4809963
"Hindal Gol, jodhpur",VILLAGE,27.2586735,72.3319245,27.2419628,72.3066044,27.2519537,72.32223309999999
"Jamba Ki Dhani, jodhpur",VILLAGE,27.38921,72.61903989999999,27.31623,72.56419,27.3569715,72.5855474
"Jamba, jodhpur",VILLAGE,27.3119937,72.52221109999999,27.3062357,72.51513,27.3092412,72.5182643
"Bilhoji Nagar, jodhpur",VILLAGE,26.2373873,72.97453329999999,26.2336357,72.96756669999999,26.2355374,72.9701273
"Charnai, jodhpur",VILLAGE,27.36673,72.5519599,27.26397,72.4561099,27.3072956,72.5086511
"Pabupura, jodhpur",VILLAGE,26.2703849,73.07038899999999,26.2649311,73.063436,26.2681577,73.0656152
"Kalathal, jodhpur",VILLAGE,27.43171,72.68588009999999,27.39645,72.61963999999999,27.411546,72.65650839999999
"Narayanpura, jodhpur",VILLAGE,27.40967,72.70107,27.37032,72.5960001,27.3872837,72.64468289999999
"Kaushal Nagar, jodhpur",VILLAGE,26.2457056,72.9836689,26.2444641,72.9807508,26.245021,72.9824103
"Matol, jodhpur",VILLAGE,27.4465999,72.7208199,27.391,72.6736899,27.4160688,72.6919814
"Chakhu, jodhpur",VILLAGE,27.42567,72.75992190000001,27.3143388,72.69047239999999,27.402762,72.7215385
"Karni Nagar, jodhpur",VILLAGE,26.2255692,73.03037599999999,26.2210217,73.02540549999999,26.2244134,73.02677299999999
"Lumbasar, jodhpur",VILLAGE,27.4748001,72.83080009999999,27.4200699,72.7160299,27.4394613,72.7865518
"Hanuman Sagar, jodhpur",VILLAGE,27.4274799,72.8113599,27.34226,72.74117989999999,27.3860002,72.7688226
"Subhash Nagar, jodhpur",VILLAGE,26.257458,72.99281479999999,26.244715,72.9822411,26.2527804,72.98591619999999
"Khengasar, jodhpur",VILLAGE,27.38247,72.7705801,27.3157601,72.6460701,27.3344752,72.7215385
"Mahadeo Nagar, jodhpur",VILLAGE,26.3139399,73.057772,26.3074479,73.048048,26.3096645,73.0538097
"Chhila Nadi, jodhpur",VILLAGE,27.4011,72.92625989999999,27.3723301,72.8840599,27.3860644,72.9047136
"Jaldara, jodhpur",VILLAGE,27.38647,72.93965000000001,27.33808,72.88392999999999,27.3583339,72.9106202
"Dhadharwala, jodhpur",VILLAGE,27.4421499,72.9520399,27.38647,72.89384,27.4118063,72.9283391
"Ghantiyali, jodhpur",VILLAGE,27.3413508,72.8519726,27.3309432,72.83798209999999,27.3371672,72.8441629
"Kodiya Nada, jodhpur",VILLAGE,27.3978,72.9843301,27.3463201,72.92625989999999,27.3706888,72.9637728
"Imam Nagar, jodhpur",VILLAGE,27.37879,72.8908601,27.3291,72.83202,27.3523958,72.86336349999999
"Ummed Nagar, jodhpur",VILLAGE,26.5727916,73.0245996,26.5597986,73.0111884,26.5656514,73.0183895
"Cheemana, jodhpur",VILLAGE,27.4457701,72.89702009999999,27.35632,72.79829,27.394964,72.8397317
"Arandiyan, jodhpur",VILLAGE,27.4747399,72.8740699,27.42723,72.8261,27.4583166,72.8456399
"Khariya Kansingh, jodhpur",VILLAGE,27.35448,72.7984,27.3186401,72.7621,27.3370158,72.7865518
"Khajoosar, jodhpur",VILLAGE,27.3049899,72.8297699,27.25874,72.79326999999999,27.2830609,72.8101887
"Bheeyasar, jodhpur",VILLAGE,27.32881,72.84518,27.15907,72.6999699,27.249369,72.7688226
"Motai, jodhpur",VILLAGE,27.299324,72.6208092,27.29306,72.61361,27.2963197,72.61733439999999
"Hari Pura, jodhpur",VILLAGE,27.31146,72.5891,27.27617,72.54545999999999,27.2871923,72.5737187
"Balasar, jodhpur",VILLAGE,27.33261,72.71110999999999,27.2963499,72.65481,27.3121454,72.6801576
"Raika Bagh, jodhpur",VILLAGE,26.295892,73.0511291,26.285113,73.03671109999999,26.2904365,73.04274149999999
"Radka Pura, jodhpur",VILLAGE,27.27,72.67122,27.22819,72.61015010000001,27.2507169,72.64468289999999
"Jawar Nada, jodhpur",VILLAGE,27.31045,72.7140501,27.26815,72.6502199,27.282936,72.6742455
"Karani Pura, jodhpur",VILLAGE,27.23656,72.6705099,27.1942099,72.62195009999999,27.2165614,72.64468289999999
"Asolai, jodhpur",VILLAGE,27.28374,72.7339099,27.24323,72.66740000000001,27.2582254,72.70380469999999
"Pariyal, jodhpur",VILLAGE,27.24846,72.73398999999999,27.19417,72.6468999,27.2160328,72.7098675
"Ramdeo Nagar, jodhpur",VILLAGE,26.3144681,73.1026582,26.3112237,73.09956439999999,26.3129127,73.1013971
"Ram Nagar, jodhpur",VILLAGE,26.2708299,72.96273289999999,26.262185,72.9508981,26.2644858,72.95860569999999
"Paleena, jodhpur",VILLAGE,27.2112818,72.65808109999999,27.1411154,72.5640106,27.1828301,72.6032895
"Naneu, jodhpur",VILLAGE,27.28748,72.57858,27.1857201,72.44439009999999,27.2390324,72.5086511
"Bhatiyon Ki Dhani, jodhpur",VILLAGE,26.72626,73.76259,26.71068,73.7411199,26.7147624,73.75072759999999
"Chiri, jodhpur",VILLAGE,27.26257,72.61434,27.23328,72.5657301,27.2513397,72.58259029999999
"Dholasar, jodhpur",VILLAGE,27.2362101,72.5868199,27.15575,72.5034501,27.1995651,72.5559746
"Kanasariya, jodhpur",VILLAGE,27.1917899,72.5171901,27.1506299,72.46956999999999,27.1741648,72.4909026
"Kheechan, jodhpur",VILLAGE,27.1453184,72.4198151,27.1294625,72.4021339,27.1382986,72.4110196
"Shakti Nagar, jodhpur",VILLAGE,26.308136,73.0522051,26.302616,73.044985,26.3054616,73.0486446
"Mahirshi Gotam Nagar, jodhpur",VILLAGE,26.1763192,73.0466361,26.1741761,73.0410898,26.1751782,73.0437747
"Vijai Nagar, jodhpur",VILLAGE,26.2573992,72.9617854,26.2558207,72.9568759,26.256505,72.95915939999999
"Phalodi (Rural), jodhpur",VILLAGE,27.1738299,72.40149,27.15995,72.37225,27.1686219,72.3814273
"Sadawata, jodhpur",VILLAGE,27.14493,72.32207,27.10296,72.28223,27.1285397,72.3133529
"Jagariya, jodhpur",VILLAGE,27.1623424,72.33149519999999,27.1591733,72.32754709999999,27.1609115,72.3300031
"Bhojka, jodhpur",VILLAGE,27.15958,72.3293699,27.1383501,72.29384999999999,27.1512913,72.3133529
"Bagga, jodhpur",VILLAGE,27.15265,72.33935,27.1352999,72.3200899,27.1446749,72.32815310000001
"Kundal, jodhpur",VILLAGE,27.1507901,72.3019401,27.0889999,72.22215,27.1208645,72.25414409999999
"Mohra, jodhpur",VILLAGE,27.1669244,72.358575,27.1589442,72.3502922,27.1635698,72.35331169999999
"Gopa, jodhpur",VILLAGE,27.17256,72.30058009999999,27.13667,72.25153,27.1548329,72.27486859999999
"Maya Koriya, jodhpur",VILLAGE,27.18327,72.26566,27.14677,72.2252099,27.1648165,72.2423008
"Begti Khurd, jodhpur",VILLAGE,27.13296,72.24692999999999,27.04874,72.13835,27.0855009,72.2008455
"Beethri, jodhpur",VILLAGE,27.1071948,72.2911773,27.0850313,72.2717919,27.0987261,72.28078959999999
"Hanumanpura, jodhpur",VILLAGE,27.0318399,72.08617,26.92361,72.0307199,26.9824185,72.0645932
"Hopardi, jodhpur",VILLAGE,27.0663299,72.31219,27.00367,72.1720299,27.0264622,72.271908
"Ugras, jodhpur",VILLAGE,27.0285399,72.17631,26.91315,72.06366,26.9821527,72.106068
"Kalran, jodhpur",VILLAGE,26.12449,73.08009,26.0955,73.04446,26.1154959,73.0700421
"Khara, jodhpur",VILLAGE,27.08038,72.19093,27.01079,72.04588,27.0551848,72.1403119
"Daya Sagar, jodhpur",VILLAGE,27.04773,72.22680989999999,27.0021,72.15899,27.0221669,72.1949228
"Eka Bhatiyan, jodhpur",VILLAGE,27.0929501,72.36166,27.06366,72.32529,27.0762356,72.3488721
"Bapinee, jodhpur",VILLAGE,27.08566,72.47531,27.03394,72.44511,27.0557757,72.45540199999999
"Gajja, jodhpur",VILLAGE,27.08185,72.39988989999999,27.01857,72.35860009999999,27.0565227,72.37254899999999
"Amla, jodhpur",VILLAGE,27.15594,72.5556999,27.0430399,72.4632401,27.1024404,72.5086511
"Lordiyan, jodhpur",VILLAGE,27.0675335,72.4038076,27.0597754,72.39359379999999,27.064027,72.39770349999999
"Junejo Ki Dhani, jodhpur",VILLAGE,27.09713,72.4667099,27.04265,72.3814699,27.073993,72.4198967
"Dedisara, jodhpur",VILLAGE,27.1185,72.4729901,27.09398,72.42486989999999,27.1037832,72.45244339999999
"Chainpura, jodhpur",VILLAGE,27.1315499,72.61587999999999,27.0598099,72.56566,27.095162,72.5855474
"Netaji Nagar, jodhpur",VILLAGE,22.5249721,88.399276,22.5215109,88.39616099999999,22.5231979,88.3981651
"Shaitan Singh Nagar, jodhpur",VILLAGE,27.3787413,73.1041772,27.3704382,73.0934137,27.3746033,73.0980773
"Kalyanpura, jodhpur",VILLAGE,26.0309049,72.59101780000002,26.0186367,72.574905,26.024543,72.58259029999999
"Moriya, jodhpur",VILLAGE,27.1351533,72.64245989999999,27.1201047,72.6230621,27.1271757,72.63581340000002
"Barjasar, jodhpur",VILLAGE,27.1937,72.81665,27.09221,72.67110009999999,27.1631848,72.76291259999999
"Vishvkarma Nagar, jodhpur",VILLAGE,26.2031563,73.0013755,26.2019822,73.0006038,26.2026186,73.0009433
"Rajeev Nagar, jodhpur",VILLAGE,26.3103574,73.0529001,26.3095807,73.0515861,26.3100695,73.0522806
"Bhojasar, jodhpur",VILLAGE,27.2321373,72.8098296,27.2246008,72.7998734,27.2269715,72.805757
"Chhitar Bera, jodhpur",VILLAGE,27.1813699,72.82500999999999,27.1444201,72.7901699,27.1577383,72.8101887
"Chainpura Kalan, jodhpur",VILLAGE,27.15401,72.83086999999999,27.10311,72.79693999999999,27.1275086,72.819052
"Kelansar, jodhpur",VILLAGE,27.3503827,72.9427036,27.3420597,72.9295183,27.3458186,72.9357215
"Kuknon Ki Dhani, jodhpur",VILLAGE,27.28953,72.8711299,27.25275,72.82724,27.276133,72.8456399
"Kalirananagar, jodhpur",VILLAGE,27.24864,72.8757,27.2197099,72.81898,27.2290776,72.8338234
"Jaisala, jodhpur",VILLAGE,27.3142099,72.98434,27.22286,72.8559899,27.2701518,72.9342451
"Mohar Nagar, jodhpur",VILLAGE,27.21576,72.83041,27.1724999,72.7903501,27.1919245,72.8101887
"Rohina, jodhpur",VILLAGE,27.40292,73.0777101,27.28908,72.97932,27.3503126,73.0287209
"Sutharanada, jodhpur",VILLAGE,27.32374,72.9820199,27.2937001,72.92692,27.3122485,72.9519622
"Champasar, jodhpur",VILLAGE,27.29793,73.12186,27.2282401,73.0023099,27.2649911,73.0759446
"Shyam Nagar, jodhpur",VILLAGE,26.2755279,72.988576,26.267061,72.981208,26.2705772,72.9851782
"Ajasar, jodhpur",VILLAGE,27.3133501,73.04069,27.2586599,72.96509999999999,27.2839561,72.99920130000001
"Boogdi, jodhpur",VILLAGE,27.4235501,73.1375599,27.27613,73.01476,27.3591152,73.0995528
"Ridmalsar, jodhpur",VILLAGE,27.23919,73.1207699,27.1005801,73.00326989999999,27.1739418,73.0796804
"Khariya, jodhpur",VILLAGE,26.6181214,73.69111769999999,26.5991763,73.6603904,26.6071371,73.6756947
"Maneora, jodhpur",VILLAGE,27.26613,73.0337399,27.2298399,72.96706,27.2497608,72.99920130000001
"Manasar, jodhpur",VILLAGE,26.36765,72.0083801,26.31493,71.9459,26.3453569,71.9816261
"Vishnu Nagar, jodhpur",VILLAGE,26.89124,72.6073899,26.81893,72.55633999999999,26.8543474,72.5737187
"Keshav Nagar, jodhpur",VILLAGE,26.2546631,72.986769,26.247238,72.975865,26.2500067,72.9807496
"Dev Nagari, jodhpur",VILLAGE,26.2681773,72.9894571,26.2660029,72.9852676,26.2668664,72.9870234
"Ramdeopura, jodhpur",VILLAGE,27.0199458,71.9363308,27.0003316,71.90822109999999,27.0116441,71.9193859
"Sri Krishnanagar, jodhpur",VILLAGE,27.18583,72.99176,27.1135599,72.91631009999999,27.1363025,72.9578676
"Chadi, jodhpur",VILLAGE,27.1412637,73.0578321,27.1389962,73.05283770000001,27.1402352,73.0556543
"Sri Ramnagar, jodhpur",VILLAGE,27.1288,73.0263101,27.05889,72.95474,27.1000526,72.98739239999999
"Hazi Sagar, jodhpur",VILLAGE,26.2795523,73.0010209,26.2793864,73.0006616,26.2794765,73.0008388
"Nokhra Godara, jodhpur",VILLAGE,27.2227399,72.97423,27.17327,72.9215799,27.1868772,72.9519622
"Nokhra Patawatan, jodhpur",VILLAGE,27.21803,72.92622999999999,27.17479,72.90185,27.1938555,72.9165266
"Aau, jodhpur",VILLAGE,27.2034956,72.85858139999999,27.190823,72.83944129999999,27.1983581,72.85007089999999
"Nokhra Charna, jodhpur",VILLAGE,27.2573199,72.95703,27.2046,72.90481,27.2295259,72.9283391
"Nokhra Bhatiyan, jodhpur",VILLAGE,27.22468,72.94086,27.19135,72.89137,27.2092105,72.925386
"Ishru, jodhpur",VILLAGE,27.1414301,72.9910699,27.0351901,72.8266601,27.0848028,72.9106202
"Fateh Nagar, jodhpur",VILLAGE,26.3129496,73.05179890000001,26.3126066,73.0507147,26.3127084,73.0512492
"Kerla, jodhpur",VILLAGE,26.53369,72.20579990000002,26.50104,72.1494201,26.5180017,72.1712309
"Barsingon Ka Bas, jodhpur",VILLAGE,27.09075,72.81515999999999,27.0231,72.74051,27.0670569,72.7688226
"Denok, jodhpur",VILLAGE,27.1521855,72.72361269999999,27.1422949,72.71232599999999,27.1474358,72.71710519999999
"Munjasar, jodhpur",VILLAGE,27.13585,72.67796,27.0863199,72.60781010000001,27.1026701,72.64468289999999
"Indon Ka Bas, jodhpur",VILLAGE,27.09128,72.7501101,27.0174401,72.67796,27.0611065,72.7215385
"Pabu Nagar, jodhpur",VILLAGE,26.5957101,72.64460989999999,26.5375201,72.59885,26.5735801,72.6092032
"Singdasar, jodhpur",VILLAGE,27.01596,72.69707,26.9766899,72.65531,26.9917062,72.6683333
"Hansa Desh, jodhpur",VILLAGE,27.04795,72.69218,27.01596,72.6472,27.0291229,72.67128939999999
"Shri Jammeshwar Nagar, jodhpur",VILLAGE,26.2186773,73.0189814,26.2148327,73.0137271,26.2170071,73.0147863
"Moolraj, jodhpur",VILLAGE,27.06163,72.6883299,27.03141,72.64479,27.0486933,72.6683333
"Bhajan Nagar, jodhpur",VILLAGE,27.0376801,72.6936601,27.00457,72.67097,27.019218,72.6831136
"Bheem Sagar, jodhpur",VILLAGE,26.9125199,72.6802699,26.8369,72.61332999999999,26.8691533,72.65121189999999
"Naya Bera, jodhpur",VILLAGE,27.0911701,72.68233,27.0456001,72.59423009999999,27.0684911,72.64468289999999
"Lohawat Bisnawas, jodhpur",VILLAGE,27.0293501,72.64442009999999,26.9648599,72.57459,26.9926156,72.60434049999999
"Shivpuri, jodhpur",VILLAGE,26.99496,72.65531,26.9431001,72.6232801,26.9740977,72.64172649999999
"Dabar, jodhpur",VILLAGE,27.0734701,72.62814999999999,27.0334799,72.57179,27.0510994,72.59737559999999
"Roopana Jaitana, jodhpur",VILLAGE,27.06,72.57737000000002,26.9959299,72.50420009999999,27.0321871,72.53822930000001
"Chheela, jodhpur",VILLAGE,27.07121,72.52779,27.00937,72.4569901,27.037541,72.4909026
"Deriyon Ki Dhani, jodhpur",VILLAGE,27.03719,72.50963999999999,26.97511,72.4484999,27.0033718,72.4909026
"Megwalon Ki Dhani, jodhpur",VILLAGE,27.3791604,72.24781039999999,27.3616294,72.2208596,27.3710812,72.233418
"Dalji Ki Dhani, jodhpur",VILLAGE,27.0333099,72.46149,27.0078401,72.40597009999999,27.0185832,72.4317323
"Sunda Nagar, jodhpur",VILLAGE,26.9609899,72.46028,26.93545,72.41116,26.950249,72.4317323
"Laxmi Nagar, jodhpur",VILLAGE,26.304491,73.05274399999999,26.3004869,73.04454179999999,26.3026697,73.0480038
"Paboo Chhawara, jodhpur",VILLAGE,27.0037199,72.35508999999999,26.9602001,72.30597999999999,26.9836475,72.3370328
"Sanwreej, jodhpur",VILLAGE,27.01052,72.3237099,26.9140999,72.2263001,26.9581724,72.271908
"Matol Chak, jodhpur",VILLAGE,26.9856472,72.2034358,26.9685896,72.1782016,26.9791156,72.1919614
"Udaniyon Ki Dhani, jodhpur",VILLAGE,26.9425189,72.5593798,26.9361106,72.551698,26.9388308,72.5544958
"Bamnoo, jodhpur",VILLAGE,26.95602,72.25623999999999,26.88524,72.17578,26.9034469,72.2008455
"Madla Khurd, jodhpur",VILLAGE,26.8785699,72.29261989999999,26.79698,72.2349499,26.8363266,72.25414409999999
"Khera Bagoriya, jodhpur",VILLAGE,26.86822,72.19288999999999,26.80938,72.0882,26.8339264,72.147537
"Madla Kalan, jodhpur",VILLAGE,26.9014399,72.26465999999999,26.7947499,72.1637701,26.8382001,72.224535
"Dediya, jodhpur",VILLAGE,26.89346,72.16304,26.82952,72.08977,26.8714582,72.12976530000002
"Kolu Rathoron, jodhpur",VILLAGE,26.92767,72.3633701,26.84744,72.2399499,26.8731831,72.319273
"Koloo Pabuji, jodhpur",VILLAGE,26.97638,72.38547,26.89786,72.27202989999999,26.944558,72.3429525
"Bhayyon Ki Dhani, jodhpur",VILLAGE,26.9455401,72.43861989999999,26.89572,72.35473,26.9024041,72.424503
"Satasar, jodhpur",VILLAGE,26.91588,72.1057399,26.8840599,72.0791199,26.896967,72.08533129999999
"Pabusar, jodhpur",VILLAGE,26.77724,72.26133,26.7433899,72.22134,26.763993,72.2452617
"Kushlawa, jodhpur",VILLAGE,26.776278,72.4223069,26.7385639,72.372304,26.7633982,72.3962239
"Ramdev Nagar, jodhpur",VILLAGE,26.3144681,73.1026582,26.3112237,73.09956439999999,26.3129127,73.1013971
"Bhoja Kor, jodhpur",VILLAGE,26.8883923,72.427883,26.8168707,72.3415376,26.8491275,72.3824435
"Prem Nagar, jodhpur",VILLAGE,26.2520997,72.9859544,26.2497374,72.9832076,26.2508573,72.98480909999999
"Deo Nagar, jodhpur",VILLAGE,26.4262399,72.5367101,26.3941399,72.49141,26.4132702,72.514567
"Bagdawat Nagar, jodhpur",VILLAGE,26.91612,72.54769999999999,26.8596799,72.5033399,26.86965,72.514567
"Himat Nagar, jodhpur",VILLAGE,26.8538816,72.4728155,26.8447495,72.44672299999999,26.848254,72.4583605
"Peelwa, jodhpur",VILLAGE,26.8539657,72.44325289999999,26.8439521,72.4322339,26.8496994,72.4361705
"Ram Sagar, jodhpur",VILLAGE,26.3254035,73.0656152,26.3186078,73.0567611,26.3218002,73.0615626
"Rawat Nagar, jodhpur",VILLAGE,26.3344029,73.088177,26.306092,73.05270999999999,26.319141,73.0729934
"Sri Mahadeo Nagar, jodhpur",VILLAGE,26.3101054,73.0520052,26.3076738,73.0515823,26.308957,73.0517739
"Indra Nagar, jodhpur",VILLAGE,26.219803,73.0139772,26.2177642,73.0126174,26.2188818,73.01345719999999
"Jangu Nagar, jodhpur",VILLAGE,26.1862313,73.0907213,26.176767,73.0793595,26.1818905,73.08627349999999
"Rajala, jodhpur",VILLAGE,26.9474,72.5619601,26.9048301,72.52448,26.9279201,72.5471021
"Daya Kor, jodhpur",VILLAGE,26.96011,72.52448,26.8986799,72.43056,26.9320003,72.467236
"Shaheed Gopal Nagar, jodhpur",VILLAGE,22.5243446,88.340166,22.5204738,88.3374278,22.523814,88.340166
"Fateh Sagar, jodhpur",VILLAGE,26.2971616,73.0299081,26.2962502,73.028331,26.2968097,73.0289054
"Chikni Nari, jodhpur",VILLAGE,26.9770599,72.5443401,26.9330099,72.47724,26.9608191,72.514567
"Pashchimi Dhani, jodhpur",VILLAGE,27.00937,72.53632,26.9596701,72.5039401,26.9851121,72.52639839999999
"Lohawat Jatahwas, jodhpur",VILLAGE,27.04214,72.58807,26.96202,72.53126999999999,26.9945707,72.5559746
"Himmat Nagar, jodhpur",VILLAGE,26.8538816,72.4728155,26.8447495,72.44672299999999,26.848254,72.4583605
"Dhelana, jodhpur",VILLAGE,26.96519,72.64959,26.91279,72.5660171,26.9397955,72.5885292
"Sadri, jodhpur",VILLAGE,26.9324261,72.5488391,26.9235187,72.53389299999999,26.9284424,72.54589059999999
"Vishwakarma Nagar, jodhpur",VILLAGE,26.2300943,72.9694906,26.2263508,72.9653429,26.2289224,72.9673828
"Magra, jodhpur",VILLAGE,26.3365066,73.07414899999999,26.3272677,73.0599679,26.3330454,73.06383610000002
"Phalodi (M), jodhpur",TOWN,27.158906,72.3951816,27.0891005,72.3305101,27.1312346,72.3589284
"Nimbla, jodhpur",VILLAGE,26.91592,72.60059989999999,26.8852,72.53786989999999,26.8999499,72.5737187
"Hadman Nagar, jodhpur",VILLAGE,26.85754,72.5646999,26.8264801,72.5160901,26.8384527,72.53822930000001
"Osian, jodhpur",SUB-DISTRICT,26.7460703,72.91896330000002,26.7153686,72.8878069,26.7245449,72.9047136
"Bher, jodhpur",VILLAGE,26.8459173,72.53671659999999,26.8386612,72.5283695,26.842597,72.53157449999999
"Samrau, jodhpur",VILLAGE,26.831347,72.6316667,26.8230559,72.61780499999999,26.827723,72.6225087
"Hari Nagar, jodhpur",VILLAGE,26.2539135,72.96276929999999,26.2512288,72.9599798,26.2522805,72.9611893
"Hariom Nagar, jodhpur",VILLAGE,26.2586462,72.966342,26.2525038,72.9609454,26.2550088,72.9630347
"Jakhro Ki Dhani, jodhpur",VILLAGE,26.4351574,73.61641279999999,26.4328644,73.6132449,26.4346028,73.61582229999999
"Bhimsagar, jodhpur",VILLAGE,26.9125199,72.6802699,26.8369,72.61332999999999,26.8691533,72.65121189999999
"Lal Sagar, jodhpur",VILLAGE,26.3330747,73.0561702,26.3298618,73.05364329999999,26.3316206,73.05491649999999
"Saran Nagar, jodhpur",VILLAGE,26.3106469,73.0913829,26.295944,73.0810099,26.3021413,73.08627349999999
"Bhaduon Ki Dhani, jodhpur",VILLAGE,26.2477442,73.0098177,26.2372488,72.97579739999999,26.2437726,72.9933321
"Budh Nagar, jodhpur",VILLAGE,26.39454,73.29821,26.37099,73.2448999,26.3801336,73.2706389
"Pali- I, jodhpur",VILLAGE,26.2704033,73.0228173,26.2322097,73.0139616,26.2528644,73.0165545
"Pali-Ii, jodhpur",VILLAGE,26.93754,72.76038,26.87038,72.6616099,26.8985129,72.6978931
"Bhakhri, jodhpur",VILLAGE,26.9158901,72.65593,26.8555101,72.56741989999999,26.8930382,72.6092032
"Jambheswar Nagar, jodhpur",VILLAGE,26.3016689,73.08987479999999,26.2982777,73.0851363,26.299687,73.0874221
"Bedoo, jodhpur",VILLAGE,27.0535,72.95271,27.0114599,72.8771799,27.0342119,72.9165266
"Chain Sagar, jodhpur",VILLAGE,26.3012132,73.05836049999999,26.2997873,73.0534287,26.3005216,73.0557795
"Unawara, jodhpur",VILLAGE,27.03685,72.8050201,26.9805899,72.74396999999999,27.0050932,72.7747325
"Jamsagar, jodhpur",VILLAGE,26.3033061,73.03154789999999,26.295955,73.0203731,26.3003645,73.0242932
"Bedoo Kalan, jodhpur",VILLAGE,27.0465501,72.87933009999999,26.99006,72.79326999999999,27.0238966,72.8338234
"Balaji Nagar, jodhpur",VILLAGE,26.2373873,72.97453329999999,26.2336357,72.96756669999999,26.2355374,72.9701273
"Palli, jodhpur",VILLAGE,27.01763,72.78101,26.9201,72.67137,26.9699069,72.7215385
"Jeriya, jodhpur",VILLAGE,27.0243899,72.74915,26.9822,72.69511,27.0105551,72.72744949999999
"Bhanda, jodhpur",VILLAGE,27.0180401,72.94439,26.9770099,72.85712,27.0069845,72.8810859
"Karwan, jodhpur",VILLAGE,26.9993501,72.97094,26.9054,72.90735,26.9736628,72.9342451
"Bapini, jodhpur",VILLAGE,27.0085222,72.98924629999999,26.9856115,72.9577448,26.9957045,72.9863542
"Poonasar, jodhpur",VILLAGE,27.08693,73.0904901,26.99377,72.97586,27.0409599,73.0169135
"Mepan, jodhpur",VILLAGE,26.99773,72.92061,26.97034,72.8943199,26.9871094,72.9047136
"Bapini Khurd, jodhpur",VILLAGE,26.96898,73.01558,26.9007601,72.95134999999999,26.9338611,72.9814877
"Ompura, jodhpur",VILLAGE,27.0104899,73.05994,26.9205801,73.00359999999999,26.9625239,73.0287209
"Saraswati Nagar, jodhpur",VILLAGE,26.2358514,73.0254947,26.2223969,73.0145744,26.2287679,73.02108030000001
"Jakhan, jodhpur",VILLAGE,27.0342401,73.12807,26.93678,73.0466701,26.9911735,73.0759446
"Barsaloo Kalan, jodhpur",VILLAGE,26.95897,73.12974009999999,26.89598,73.06437,26.9305496,73.0936509
"Kapooriya, jodhpur",VILLAGE,26.93003,73.0495,26.88694,73.00514,26.91042,73.0228173
"Barsaloo Khurd, jodhpur",VILLAGE,26.9391301,73.08318,26.89152,73.0424,26.9147795,73.0582368
"Poonasar Khurd, jodhpur",VILLAGE,27.10227,73.1438301,27.02494,73.04919,27.0625685,73.0995528
"Vishvakarma Nagar, jodhpur",VILLAGE,26.2031563,73.0013755,26.2019822,73.0006038,26.2026186,73.0009433
"Radiya Bera, jodhpur",VILLAGE,26.98503,72.80972,26.8866699,72.7396799,26.9331812,72.79246119999999
"Bedon Ka Bera, jodhpur",VILLAGE,26.95436,72.85407,26.8662901,72.7965399,26.9083505,72.82200639999999
"Lakheta, jodhpur",VILLAGE,26.9476899,72.97700999999999,26.87581,72.8838,26.9051854,72.9342451
"Matora, jodhpur",VILLAGE,26.9632013,72.8799533,26.9479731,72.8730173,26.9608704,72.8764769
"Sanwata, jodhpur",VILLAGE,26.98233,72.9165001,26.9457099,72.83633,26.9628209,72.8929
"Harlaya, jodhpur",VILLAGE,26.8761101,72.72407000000001,26.8149199,72.6786499,26.8528887,72.6978931
"Nausar, jodhpur",VILLAGE,26.9067,72.84946,26.8325101,72.72023,26.8647276,72.79246119999999
"Indon Ki Dhani -Ii, jodhpur",VILLAGE,26.79222,72.82603,26.7241799,72.74678999999999,26.7540925,72.7747325
"Kerlanada, jodhpur",VILLAGE,26.8810101,72.8127599,26.7734098,72.7198299,26.8161308,72.7688226
"Bheekam Kor, jodhpur",VILLAGE,26.8060427,72.8007318,26.7933137,72.78771220000002,26.7985039,72.7948562
"Indon Ki Dhani, jodhpur",VILLAGE,26.79222,72.82603,26.7241799,72.74678999999999,26.7540925,72.7747325
"Hari Om Nagar, jodhpur",VILLAGE,26.2586462,72.966342,26.2525038,72.9609454,26.2550088,72.9630347
"Khabra Khurd, jodhpur",VILLAGE,26.7503001,72.80296,26.71693,72.75381,26.7312607,72.7747325
"Bheeyadiya, jodhpur",VILLAGE,26.84191,72.89009,26.76954,72.8127599,26.8050713,72.86336349999999
